<?xml version='1.0' encoding='UTF-8'?>  
<!DOCTYPE hibernate-configuration PUBLIC  
          "-//Hibernate/Hibernate Configuration DTD 3.0//EN"  
          "http://hibernate.sourceforge.net/hibernate-configuration-3.0.dtd">

<hibernate-configuration>
<session-factory>
<!-- database properties -->
<property name="connection.driver_class">oracle.jdbc.driver.OracleDriver</property>
<property name="connection.url">jdbc:oracle:thin:@localhost:1521:xe</property>
<property name="connection.username">citi</property>
<property name="connection.password">citi123</property>
<!-- hibernate properties -->
<property name="dialect">org.hibernate.dialect.OracleDialect</property>
<property name="hbm2ddl.auto">update</property>
<property name="show_sql">true</property>

<!--mapping file-->
<mapping resource="hibernate.hbm.xml"/>

</session-factory>
</hibernate-configuration>